{"content":[{"id":"61dde2cc","settings":{"lqd_parallax_settings_trigger_start":"top bottom","lqd_parallax_settings_trigger_end":"bottom top","content_width":{"unit":"px","size":465,"sizes":[]},"height":"full","column_position":"top","background_background":"classic","background_color":"#000000","padding":{"unit":"px","top":"30","right":"0","bottom":"0","left":"0","isLinked":false},"padding_mobile":{"unit":"px","top":"30","right":"0","bottom":"80","left":"0","isLinked":false}},"elements":[{"id":"5bf0db4e","settings":{"_column_size":100,"_inline_size":null,"lqd_parallax_settings_trigger_start":"top bottom","lqd_parallax_settings_trigger_end":"bottom top","sticky_column_offset":"30px"},"elements":[{"id":"5214c79d","settings":{"title":"Want to turn strangers into customers? Send them this email...\n","lqd_parallax_settings_trigger_start":"top bottom","lqd_parallax_settings_trigger_end":"bottom top","align":"center","title_color":"#4DC7FB","typography_typography":"custom","typography_font_family":"Fjalla One","typography_font_size":{"unit":"px","size":40,"sizes":[]},"typography_font_size_mobile":{"unit":"px","size":30,"sizes":[]},"typography_font_weight":"bold","typography_text_transform":"uppercase","typography_line_height":{"unit":"em","size":1.2,"sizes":[]}},"elements":[],"isInner":false,"widgetType":"heading","elType":"widget"},{"id":"167d1a7b","settings":{"image":{"url":"https:\/\/avoline.co\/wp-content\/uploads\/2022\/01\/email-for-lp-1.png","id":14693,"alt":"","source":"library"},"lqd_parallax_settings_trigger_start":"top bottom","lqd_parallax_settings_trigger_end":"bottom top","image_size":"full","image_custom_dimension":{"width":"150","height":""},"_margin":{"unit":"px","top":"10","right":"0","bottom":"0","left":"0","isLinked":false},"_margin_mobile":{"unit":"px","top":"0","right":"0","bottom":"0","left":"0","isLinked":false}},"elements":[],"isInner":false,"widgetType":"image","elType":"widget"},{"id":"18bffe5d","settings":{"editor":"(Plus I'll send you a few subject lines to make sure they open it)\n","lqd_parallax_settings_trigger_start":"top bottom","lqd_parallax_settings_trigger_end":"bottom top","align":"center","text_color":"#FFFFFF","typography_typography":"custom","typography_font_family":"Fjalla One","typography_font_size":{"unit":"px","size":26,"sizes":[]},"typography_font_size_mobile":{"unit":"px","size":15,"sizes":[]},"typography_line_height":{"unit":"em","size":1.2,"sizes":[]},"_margin":{"unit":"px","top":"20","right":"0","bottom":"20","left":"0","isLinked":false},"_margin_mobile":{"unit":"px","top":"10","right":"0","bottom":"10","left":"0","isLinked":false},"_padding":{"unit":"px","top":"0","right":"0","bottom":"0","left":"0","isLinked":false}},"elements":[],"isInner":false,"widgetType":"text-editor","elType":"widget"},{"id":"54f92b44","settings":{"form_name":"New Form","form_fields":[{"custom_id":"name","field_label":"Name","placeholder":"Enter Your Name","_id":"d3c313e"},{"custom_id":"email","field_type":"email","required":"true","field_label":"Email","placeholder":"Enter Your Email Address","_id":"61a9fb8"}],"step_next_label":"Next","step_previous_label":"Previous","button_text":"SEND ME THE EMAIL","email_content":"[all-fields]","email_content_2":"[all-fields]","success_message":"The form was sent successfully.","error_message":"An error occurred.","required_field_message":"This field is required.","invalid_message":"There&#039;s something wrong. The form is invalid.","lqd_parallax_settings_trigger_start":"top bottom","lqd_parallax_settings_trigger_end":"bottom top","input_size":"md","show_labels":"","button_size":"lg","label_typography_typography":"custom","label_typography_font_size":{"unit":"px","size":16,"sizes":[]},"field_typography_typography":"custom","field_typography_font_size":{"unit":"px","size":18,"sizes":[]},"button_typography_typography":"custom","button_typography_font_family":"Fjalla One","button_typography_font_size":{"unit":"px","size":35,"sizes":[]},"button_typography_font_size_mobile":{"unit":"px","size":30,"sizes":[]},"button_typography_font_weight":"bold","button_typography_letter_spacing":{"unit":"px","size":-0.5,"sizes":[]},"button_background_color":"#4DC7FB","button_background_hover_color":"#FFFFFF","button_hover_color":"#4DC7FB"},"elements":[],"isInner":false,"widgetType":"form","elType":"widget"},{"id":"206c6c03","settings":{"editor":" This email template is 100% FREE. No credit card required. We respect your privacy & information. By clicking the button above, you agree to authorize Billy Gene Is Marketing, Inc. to text and email you about their products and services (you\u2019ll have the option to easily unsubscribe at any time). To find out more, please read our Terms of Use & Privacy Policy and review our Disclaimer of Liability here.\n","lqd_parallax_settings_trigger_start":"top bottom","lqd_parallax_settings_trigger_end":"bottom top","align":"center","text_color":"#FFFFFF","typography_typography":"custom","typography_font_size":{"unit":"px","size":10,"sizes":[]},"typography_line_height":{"unit":"em","size":1.2,"sizes":[]},"_margin":{"unit":"px","top":"20","right":"0","bottom":"0","left":"0","isLinked":false}},"elements":[],"isInner":false,"widgetType":"text-editor","elType":"widget"}],"isInner":false,"elType":"column"}],"isInner":false,"elType":"section"}],"page_settings":{"header_mobile_menu":"","header_enable_switch":"off","header_template":14474,"footer_enable_switch":"off","footer_template":6788,"liquid_sidebar_one":"","title_bar_enable":"off"},"version":"0.4","title":"Lead Capture Page","type":"page"}