{"content":[{"id":"28839fb9","settings":{"background_background":"classic","background_color":"#FF553E","lqd_parallax_settings_trigger_start":"top bottom","lqd_parallax_settings_trigger_end":"bottom top","lqd_sticky_row_offset":"0px"},"elements":[{"id":"4007c146","settings":{"_column_size":100,"_inline_size":null,"lqd_parallax_settings_trigger_start":"top bottom","lqd_parallax_settings_trigger_end":"bottom top","sticky_column_offset":"30px","content_position":"bottom","align":"center"},"elements":[{"id":"59464964","settings":{"editor":"<p>Attention: Marketers Struggling with Making Positive ROI on Your Landing Page Campaigns<\/p>","align":"center","text_color":"#FFFFFF","typography_typography":"custom","typography_font_family":"Poppins","typography_font_size":{"unit":"px","size":16,"sizes":[]}},"elements":[],"isInner":false,"widgetType":"text-editor","elType":"widget"}],"isInner":false,"elType":"column"}],"isInner":false,"elType":"section"},{"id":"1de03a89","settings":{"background_background":"classic","background_position":"bottom center","background_repeat":"no-repeat","background_size":"cover","padding":{"unit":"px","top":"45","right":"0","bottom":"30","left":"0","isLinked":false},"padding_tablet":{"unit":"px","top":"25","right":"0","bottom":"25","left":"0","isLinked":false},"padding_mobile":{"unit":"px","top":"5","right":"10","bottom":"10","left":"10","isLinked":false},"background_color":"#FFFFFF","lqd_parallax_settings_trigger_start":"top bottom","lqd_parallax_settings_trigger_end":"bottom top","lqd_sticky_row_offset":"0px"},"elements":[{"id":"29b56061","settings":{"_column_size":100,"lqd_parallax_settings_trigger_start":"top bottom","lqd_parallax_settings_trigger_end":"bottom top","sticky_column_offset":"30px","align":"center"},"elements":[{"id":"4e5de10b","settings":{"title":"\"How A <u>[Your Product]<\/u> Can Get You <u>Desired Results<\/u><span style=\"color:#ff553e;\"> Without The Bigger Problem...\"\n<\/span>","header_size":"h1","align":"center","typography_typography":"custom","typography_font_family":"Poppins","typography_font_size":{"unit":"px","size":54,"sizes":[]},"typography_font_weight":"700","typography_line_height":{"unit":"em","size":1.3,"sizes":[]}},"elements":[],"isInner":false,"widgetType":"heading","elType":"widget"},{"id":"e2c69fc","settings":{"title":"Take Advantage Of My Simple <u>PROVEN FORMULA<\/u> That\nHas Helped Me Make Thousands Of Dollars For Myself AND My Clients.","header_size":"p","align":"center","title_color":"#000000","typography_typography":"custom","typography_font_size":{"unit":"px","size":24,"sizes":[]},"typography_font_weight":"400","typography_line_height":{"unit":"em","size":1.4,"sizes":[]},"_padding":{"unit":"px","top":"0","right":"150","bottom":"0","left":"150","isLinked":false},"typography_font_size_tablet":{"unit":"px","size":18,"sizes":[]},"_padding_tablet":{"unit":"px","top":"0","right":"0","bottom":"0","left":"0","isLinked":false},"_margin":{"unit":"px","top":"20","right":"0","bottom":"20","left":"0","isLinked":false},"lqd_parallax_settings_trigger_start":"top bottom","lqd_parallax_settings_trigger_end":"bottom top","typography_font_family":"Poppins"},"elements":[],"isInner":false,"widgetType":"heading","elType":"widget"},{"id":"61f7f0f6","settings":{"youtube_url":"","vimeo_url":"https:\/\/vimeo.com\/235215203","dailymotion_url":"https:\/\/www.dailymotion.com\/video\/x6tqhqb","loop":"yes","_margin":{"unit":"%","top":"0","right":"13","bottom":"0","left":"13","isLinked":false},"_padding":{"unit":"px","top":"20","right":"0","bottom":"12","left":"0","isLinked":false},"_margin_tablet":{"unit":"px","top":"00","right":"40","bottom":"0","left":"40","isLinked":false},"_margin_mobile":{"unit":"px","top":"0","right":"0","bottom":"0","left":"0","isLinked":false},"image_overlay":{"id":8898,"url":"https:\/\/growthhours.com\/wp-content\/uploads\/2022\/07\/placeholder.jpg"},"autoplay":"yes","controls":"","lqd_parallax_settings_trigger_start":"top bottom","lqd_parallax_settings_trigger_end":"bottom top","play_on_mobile":"yes","video_type":"vimeo"},"elements":[],"isInner":false,"widgetType":"video","elType":"widget"},{"id":"177db514","settings":{"structure":"20","lqd_parallax_settings_trigger_start":"top bottom","lqd_parallax_settings_trigger_end":"bottom top","lqd_sticky_row_offset":"0px","margin":{"unit":"px","top":"30","right":0,"bottom":"0","left":0,"isLinked":false}},"elements":[{"id":"7edad535","settings":{"_column_size":50,"_inline_size":40.038,"align":"flex-end","padding":{"unit":"px","top":"0","right":"30","bottom":"0","left":"0","isLinked":false},"lqd_parallax_settings_trigger_start":"top bottom","lqd_parallax_settings_trigger_end":"bottom top","sticky_column_offset":"30px"},"elements":[{"id":"76902317","settings":{"editor":"<h2><span style=\"color: #ffffff; font-size: 50px; font-weight: bold; font-family: Helvetica;\"><span style=\"color: #000000;\">$199\u00a0<\/span> <span style=\"color: #999999;\"><s>$499\u00a0<\/s><\/span><\/span><\/h2>","align":"right","text_color":"#FFFFFF","typography_typography":"custom","typography_line_height":{"unit":"px","size":1,"sizes":[]},"lqd_parallax_settings_trigger_start":"top bottom","lqd_parallax_settings_trigger_end":"bottom top","_margin":{"unit":"px","top":"20","right":"0","bottom":"0","left":"0","isLinked":false}},"elements":[],"isInner":false,"widgetType":"text-editor","elType":"widget"},{"id":"5957d85c","settings":{"editor":"<p>HURRY - Price Goes Up TODAY!<\/p>","align":"right","typography_typography":"custom","typography_font_family":"Poppins","typography_font_size":{"unit":"px","size":20,"sizes":[]},"_margin":{"unit":"px","top":"-10","right":"0","bottom":"0","left":"0","isLinked":false}},"elements":[],"isInner":false,"widgetType":"text-editor","elType":"widget"}],"isInner":true,"elType":"column"},{"id":"74c56d42","settings":{"_column_size":50,"_inline_size":59.962,"padding":{"unit":"px","top":"0","right":"0","bottom":"0","left":"4","isLinked":false},"lqd_parallax_settings_trigger_start":"top bottom","lqd_parallax_settings_trigger_end":"bottom top","sticky_column_offset":"30px","margin":{"unit":"px","top":"0","right":"0","bottom":"0","left":"0","isLinked":false}},"elements":[{"id":"56886233","settings":{"text":"Start Creating Real Results! <br><small>Limited Time Offer <\/small>","align":"left","typography_typography":"custom","typography_font_family":"Poppins","typography_font_size":{"unit":"px","size":28,"sizes":[]},"typography_font_size_mobile":{"unit":"px","size":22,"sizes":[]},"typography_font_weight":"800","typography_text_transform":"uppercase","button_text_color":"#FFFFFF","background_color":"#FF553E","hover_animation":"grow","border_radius":{"unit":"px","top":"0","right":"0","bottom":"0","left":"0","isLinked":true},"text_padding":{"unit":"px","top":"20","right":"60","bottom":"20","left":"60","isLinked":false},"eael_tooltip_section_content":"I am a tooltip","eael_ext_content_protection_password_placeholder":"Enter Password","eael_ext_content_protection_password_submit_btn_txt":"Submit","tooltip_content":"I am a tooltip","_margin":{"unit":"px","top":"0","right":"0","bottom":"0","left":"0","isLinked":false},"typography_line_height_mobile":{"unit":"em","size":1.2,"sizes":[]},"text_padding_mobile":{"unit":"px","top":"15","right":"15","bottom":"15","left":"15","isLinked":true},"typography_font_size_tablet":{"unit":"px","size":26,"sizes":[]},"typography_line_height":{"unit":"em","size":1,"sizes":[]},"align_mobile":"justify","_css_classes":"TLF-double-line-btn","lqd_parallax_settings_trigger_start":"top bottom","lqd_parallax_settings_trigger_end":"bottom top","link":{"url":"#checkout","is_external":"","nofollow":"","custom_attributes":""}},"elements":[],"isInner":false,"widgetType":"button","elType":"widget"}],"isInner":true,"elType":"column"}],"isInner":true,"elType":"section"}],"isInner":false,"elType":"column"}],"isInner":false,"elType":"section"},{"id":"695f40b3","settings":{"margin":{"unit":"px","top":"50","right":0,"bottom":"50","left":0,"isLinked":false},"lqd_parallax_settings_trigger_start":"top bottom","lqd_parallax_settings_trigger_end":"bottom top","lqd_sticky_row_offset":"0px","background_background":"classic","background_color":"#171717","structure":"40","padding":{"unit":"px","top":"20","right":"0","bottom":"20","left":"0","isLinked":false}},"elements":[{"id":"2b30a92a","settings":{"_column_size":25,"_inline_size":null,"margin":{"unit":"px","top":"0","right":"0","bottom":"0","left":"0","isLinked":false},"padding":{"unit":"px","top":"0","right":"0","bottom":"0","left":"0","isLinked":false},"lqd_parallax_settings_trigger_start":"top bottom","lqd_parallax_settings_trigger_end":"bottom top","sticky_column_offset":"30px"},"elements":[{"id":"5859e518","settings":{"image":{"url":"https:\/\/growthhours.com\/wp-content\/uploads\/2022\/07\/feature-logo-3-1.png","id":9173,"alt":"","source":"library"}},"elements":[],"isInner":false,"widgetType":"image","elType":"widget"}],"isInner":false,"elType":"column"},{"id":"7eb3cf87","settings":{"_column_size":25,"_inline_size":null,"margin":{"unit":"px","top":"0","right":"0","bottom":"0","left":"0","isLinked":false},"padding":{"unit":"px","top":"0","right":"0","bottom":"0","left":"0","isLinked":false},"lqd_parallax_settings_trigger_start":"top bottom","lqd_parallax_settings_trigger_end":"bottom top","sticky_column_offset":"30px"},"elements":[{"id":"6a841fef","settings":{"image":{"url":"https:\/\/growthhours.com\/wp-content\/uploads\/2022\/07\/feature-logo-4-1.png","id":9174,"alt":"","source":"library"}},"elements":[],"isInner":false,"widgetType":"image","elType":"widget"}],"isInner":false,"elType":"column"},{"id":"749e3f68","settings":{"_column_size":25,"_inline_size":null,"margin":{"unit":"px","top":"0","right":"0","bottom":"0","left":"0","isLinked":false},"padding":{"unit":"px","top":"0","right":"0","bottom":"0","left":"0","isLinked":false},"lqd_parallax_settings_trigger_start":"top bottom","lqd_parallax_settings_trigger_end":"bottom top","sticky_column_offset":"30px"},"elements":[{"id":"5b2a761","settings":{"image":{"url":"https:\/\/growthhours.com\/wp-content\/uploads\/2022\/07\/feature-logo-2-1.png","id":9175,"alt":"","source":"library"}},"elements":[],"isInner":false,"widgetType":"image","elType":"widget"}],"isInner":false,"elType":"column"},{"id":"3d9c81c7","settings":{"_column_size":25,"_inline_size":null,"margin":{"unit":"px","top":"0","right":"0","bottom":"0","left":"0","isLinked":false},"padding":{"unit":"px","top":"0","right":"0","bottom":"0","left":"0","isLinked":false},"lqd_parallax_settings_trigger_start":"top bottom","lqd_parallax_settings_trigger_end":"bottom top","sticky_column_offset":"30px"},"elements":[{"id":"270e0fbe","settings":{"image":{"url":"https:\/\/growthhours.com\/wp-content\/uploads\/2022\/07\/feature-logo-1-1.png","id":9176,"alt":"","source":"library"}},"elements":[],"isInner":false,"widgetType":"image","elType":"widget"}],"isInner":false,"elType":"column"}],"isInner":false,"elType":"section"},{"id":"6373a088","settings":{"gap":"no","background_background":"classic","padding":{"unit":"px","top":"50","right":"30","bottom":"0","left":"30","isLinked":false},"z_index":5,"padding_mobile":{"unit":"px","top":"50","right":"30","bottom":"0","left":"30","isLinked":false},"shape_divider_bottom":"tilt","shape_divider_bottom_color":"#FF553E","shape_divider_bottom_height":{"unit":"px","size":280,"sizes":[]},"shape_divider_bottom_height_tablet":{"unit":"px","size":250,"sizes":[]},"shape_divider_bottom_flip":"yes","padding_tablet":{"unit":"px","top":"60","right":"30","bottom":"0","left":"30","isLinked":false},"lqd_parallax_settings_trigger_start":"top bottom","lqd_parallax_settings_trigger_end":"bottom top","lqd_sticky_row_offset":"0px"},"elements":[{"id":"1c588bef","settings":{"_column_size":100,"_inline_size":null,"content_position":"center","align":"center","lqd_parallax_settings_trigger_start":"top bottom","lqd_parallax_settings_trigger_end":"bottom top","sticky_column_offset":"30px"},"elements":[{"id":"35fef7c","settings":{"title":"Introducing [YOUR PRODUCT]","title_color":"#000000","typography_typography":"custom","typography_font_family":"Poppins","typography_font_size":{"unit":"px","size":48,"sizes":[]},"typography_font_weight":"700","typography_text_transform":"uppercase","typography_line_height":{"unit":"em","size":1.2,"sizes":[]},"eael_tooltip_section_content":"I am a tooltip","eael_ext_content_protection_password_placeholder":"Enter Password","eael_ext_content_protection_password_submit_btn_txt":"Submit","tooltip_content":"I am a tooltip","align":"left","typography_font_size_tablet":{"unit":"px","size":50,"sizes":[]},"typography_font_size_mobile":{"unit":"px","size":32,"sizes":[]},"lqd_parallax_settings_trigger_start":"top bottom","lqd_parallax_settings_trigger_end":"bottom top","_margin":{"unit":"px","top":"0","right":"300","bottom":"0","left":"0","isLinked":false}},"elements":[],"isInner":false,"widgetType":"heading","elType":"widget"},{"id":"76edccc4","settings":{"style":"dotted","width":{"unit":"px","size":200,"sizes":[]},"align":"left","text":"Divider","color":"#FF553E","weight":{"unit":"px","size":15,"sizes":[]},"eael_tooltip_section_content":"I am a tooltip","eael_ext_content_protection_password_placeholder":"Enter Password","eael_ext_content_protection_password_submit_btn_txt":"Submit","tooltip_content":"I am a tooltip","gap":{"unit":"px","size":30,"sizes":[]},"lqd_parallax_settings_trigger_start":"top bottom","lqd_parallax_settings_trigger_end":"bottom top"},"elements":[],"isInner":false,"widgetType":"divider","elType":"widget"},{"id":"3538846d","settings":{"editor":"<p>It is a long established fact that a reader will be distracted by the readable content of a page when looking at its layout. The point of using Lorem Ipsum is that it has a more-or-less normal distribution of letters, as opposed to using 'Content here, content here', making it look like readable English.<\/p><p>\u00a0<\/p><p>Many desktop publishing packages and web page editors now use Lorem Ipsum as their default model text, and a search for 'lorem ipsum' will uncover many web sites still in their infancy....<\/p><p>\u00a0<\/p><p><strong><span style=\"text-decoration: underline;\">Lorem Ipsum\u00a0is simply dummy text of the printing and typesetting industry.<\/span><\/strong><\/p>","align":"left","text_color":"#000000","typography_typography":"custom","typography_font_family":"Poppins","typography_font_size":{"unit":"px","size":22,"sizes":[]},"typography_font_weight":"normal","typography_line_height":{"unit":"em","size":1.8,"sizes":[]},"_margin":{"unit":"px","top":"0","right":"300","bottom":"0","left":"0","isLinked":false},"eael_tooltip_section_content":"I am a tooltip","eael_ext_content_protection_password_placeholder":"Enter Password","eael_ext_content_protection_password_submit_btn_txt":"Submit","tooltip_content":"I am a tooltip","typography_font_size_tablet":{"unit":"px","size":18,"sizes":[]},"typography_font_size_mobile":{"unit":"px","size":16,"sizes":[]},"lqd_parallax_settings_trigger_start":"top bottom","lqd_parallax_settings_trigger_end":"bottom top"},"elements":[],"isInner":false,"widgetType":"text-editor","elType":"widget"},{"id":"6eb22c5f","settings":{"title":"in this course you will learn:","header_size":"p","align":"left","title_color":"#FFFFFF","typography_typography":"custom","typography_font_family":"walsheim-medium","typography_font_size":{"unit":"px","size":30,"sizes":[]},"typography_font_weight":"normal","typography_text_transform":"uppercase","typography_letter_spacing":{"unit":"px","size":0,"sizes":[]},"_margin":{"unit":"px","top":"0","right":"0","bottom":"0","left":"0","isLinked":false},"_padding":{"unit":"px","top":"0","right":"0","bottom":"0","left":"0","isLinked":true},"eael_tooltip_section_content":"I am a tooltip","eael_ext_content_protection_password_placeholder":"Enter Password","eael_ext_content_protection_password_submit_btn_txt":"Submit","_border_width":{"unit":"px","top":"0","right":"0","bottom":"3","left":"0","isLinked":false},"_border_color":"#FE9000","tooltip_content":"I am a tooltip","typography_font_size_mobile":{"unit":"px","size":14,"sizes":[]},"typography_line_height_mobile":{"unit":"em","size":1.5,"sizes":[]},"typography_letter_spacing_mobile":{"unit":"px","size":1,"sizes":[]},"typography_font_size_tablet":{"unit":"px","size":24,"sizes":[]},"lqd_parallax_settings_trigger_start":"top bottom","lqd_parallax_settings_trigger_end":"bottom top"},"elements":[],"isInner":false,"widgetType":"heading","elType":"widget"},{"id":"74e2ef78","settings":{"background_background":"classic","background_color":"#FFFFFF","border_radius":{"unit":"px","top":"0","right":"0","bottom":"0","left":"0","isLinked":true},"box_shadow_box_shadow_type":"yes","box_shadow_box_shadow":{"horizontal":0,"vertical":0,"blur":30,"spread":-13,"color":"rgba(0, 0, 0, 0.35)"},"margin":{"unit":"px","top":"0","right":0,"bottom":"0","left":0,"isLinked":false},"padding":{"unit":"px","top":"30","right":"50","bottom":"30","left":"50","isLinked":false},"padding_tablet":{"unit":"px","top":"30","right":"30","bottom":"30","left":"30","isLinked":true},"shape_divider_bottom_height":{"unit":"px","size":500,"sizes":[]},"lqd_parallax_settings_trigger_start":"top bottom","lqd_parallax_settings_trigger_end":"bottom top","lqd_sticky_row_offset":"0px"},"elements":[{"id":"3207d236","settings":{"_column_size":100,"_inline_size":null,"margin":{"unit":"px","top":"15","right":"15","bottom":"15","left":"15","isLinked":true},"margin_tablet":{"unit":"px","top":"15","right":"15","bottom":"15","left":"15","isLinked":true},"padding_tablet":{"unit":"px","top":"0","right":"0","bottom":"0","left":"0","isLinked":false},"_inline_size_tablet":100,"margin_mobile":{"unit":"px","top":"0","right":"0","bottom":"0","left":"0","isLinked":true},"padding_mobile":{"unit":"px","top":"0","right":"0","bottom":"0","left":"0","isLinked":true},"lqd_parallax_settings_trigger_start":"top bottom","lqd_parallax_settings_trigger_end":"bottom top","sticky_column_offset":"30px"},"elements":[{"id":"145c5c87","settings":{"icon_list":[{"text":"Add your first benefit driven benefit or feature here","selected_icon":{"value":"fas fa-check-circle","library":"fa-solid"},"_id":"459c435"},{"text":"Add your 2nd benefit driven benefit or feature here","selected_icon":{"value":"fas fa-check-circle","library":"fa-solid"},"_id":"24f68d5"},{"text":"Third benefit driven benefit or feature here","selected_icon":{"value":"fas fa-check-circle","library":"fa-solid"},"_id":"5e5a886"},{"text":"Fourth benefit driven benefit or feature here","selected_icon":{"value":"fas fa-check-circle","library":"fa-solid"},"_id":"acf1b34"},{"text":"And much, much more....","selected_icon":{"value":"fas fa-check-circle","library":"fa-solid"},"_id":"f2aa2d5"}],"space_between":{"unit":"px","size":20,"sizes":[]},"icon_color":"#FF553E","icon_size":{"unit":"px","size":18,"sizes":[]},"text_color":"#000000","text_indent":{"unit":"px","size":10,"sizes":[]},"icon_typography_typography":"custom","icon_typography_font_family":"Poppins","icon_typography_font_size":{"unit":"px","size":22,"sizes":[]},"icon_typography_font_weight":"normal","icon_typography_line_height":{"unit":"em","size":1.6,"sizes":[]},"eael_tooltip_section_content":"I am a tooltip","eael_ext_content_protection_password_placeholder":"Enter Password","eael_ext_content_protection_password_submit_btn_txt":"Submit","tooltip_content":"I am a tooltip","icon_size_tablet":{"unit":"px","size":15,"sizes":[]},"icon_typography_font_size_tablet":{"unit":"px","size":18,"sizes":[]},"icon_typography_font_size_mobile":{"unit":"px","size":16,"sizes":[]},"lqd_parallax_settings_trigger_start":"top bottom","lqd_parallax_settings_trigger_end":"bottom top"},"elements":[],"isInner":false,"widgetType":"icon-list","elType":"widget"}],"isInner":true,"elType":"column"}],"isInner":true,"elType":"section"}],"isInner":false,"elType":"column"}],"isInner":false,"elType":"section"},{"id":"6017f528","settings":{"background_background":"classic","background_color":"#FFFFFF","padding":{"unit":"px","top":"30","right":"0","bottom":"0","left":"0","isLinked":false},"padding_tablet":{"unit":"px","top":"235","right":"20","bottom":"75","left":"20","isLinked":false},"padding_mobile":{"unit":"px","top":"20","right":"5","bottom":"20","left":"5","isLinked":false},"lqd_parallax_settings_trigger_start":"top bottom","lqd_parallax_settings_trigger_end":"bottom top","lqd_sticky_row_offset":"0px"},"elements":[{"id":"693be00","settings":{"_column_size":100,"_inline_size":null,"lqd_parallax_settings_trigger_start":"top bottom","lqd_parallax_settings_trigger_end":"bottom top","sticky_column_offset":"30px"},"elements":[{"id":"49d12d57","settings":{"title":"Here is Module Course Breakdown:\n","align":"center","title_color":"#000000","typography_typography":"custom","typography_font_size":{"unit":"px","size":48,"sizes":[]},"typography_font_weight":"700","typography_line_height":{"unit":"em","size":1.3,"sizes":[]},"_margin":{"unit":"px","top":"0","right":"160","bottom":"0","left":"160","isLinked":false},"_padding":{"unit":"px","top":"0","right":"0","bottom":"0","left":"0","isLinked":false},"_element_custom_width":{"unit":"px","size":730,"sizes":[]},"typography_font_size_tablet":{"unit":"px","size":32,"sizes":[]},"typography_font_size_mobile":{"unit":"px","size":24,"sizes":[]},"_margin_tablet":{"unit":"px","top":"0","right":"0","bottom":"0","left":"0","isLinked":false},"_margin_mobile":{"unit":"px","top":"0","right":"0","bottom":"0","left":"0","isLinked":false},"_padding_mobile":{"unit":"px","top":"0","right":"0","bottom":"0","left":"0","isLinked":false},"lqd_parallax_settings_trigger_start":"top bottom","lqd_parallax_settings_trigger_end":"bottom top","typography_font_family":"Poppins"},"elements":[],"isInner":false,"widgetType":"heading","elType":"widget"},{"id":"2d6b257b","settings":{"title":"To summarize, here\u2019s just some of what we cover in the seven-module (approximately seven weeks of training, done at your own preferred pace).","header_size":"p","align":"center","title_color":"#000000","typography_typography":"custom","typography_font_size":{"unit":"px","size":24,"sizes":[]},"typography_font_weight":"400","typography_line_height":{"unit":"em","size":1.2,"sizes":[]},"_margin":{"unit":"px","top":"20","right":"70","bottom":"0","left":"70","isLinked":false},"typography_font_size_tablet":{"unit":"px","size":20,"sizes":[]},"typography_font_size_mobile":{"unit":"px","size":16,"sizes":[]},"_margin_tablet":{"unit":"px","top":"0","right":"0","bottom":"0","left":"0","isLinked":false},"lqd_parallax_settings_trigger_start":"top bottom","lqd_parallax_settings_trigger_end":"bottom top","typography_font_family":"Poppins"},"elements":[],"isInner":false,"widgetType":"heading","elType":"widget"},{"id":"14383408","settings":{"structure":"20","content_position":"middle","padding":{"unit":"px","top":"20","right":"20","bottom":"20","left":"20","isLinked":true},"padding_mobile":{"unit":"px","top":"35","right":"0","bottom":"0","left":"0","isLinked":false},"lqd_parallax_settings_trigger_start":"top bottom","lqd_parallax_settings_trigger_end":"bottom top","background_background":"classic","background_color":"#FAF6F5","margin":{"unit":"px","top":"50","right":0,"bottom":"0","left":0,"isLinked":false},"margin_mobile":{"unit":"px","top":"20","right":0,"bottom":"0","left":0,"isLinked":false},"lqd_sticky_row_offset":"0px"},"elements":[{"id":"40a88848","settings":{"_column_size":50,"_inline_size":20,"_inline_size_tablet":100,"padding":{"unit":"px","top":"10","right":"10","bottom":"10","left":"20","isLinked":false},"padding_mobile":{"unit":"px","top":"0","right":"0","bottom":"0","left":"0","isLinked":false},"lqd_parallax_settings_trigger_start":"top bottom","lqd_parallax_settings_trigger_end":"bottom top","sticky_column_offset":"30px"},"elements":[{"id":"872025f","settings":{"editor":"MODULE","text_color":"#000000","typography_typography":"custom","lqd_parallax_settings_trigger_start":"top bottom","lqd_parallax_settings_trigger_end":"bottom top","align":"left","typography_font_family":"Poppins"},"elements":[],"isInner":false,"widgetType":"text-editor","elType":"widget"},{"id":"4526243d","settings":{"title":"01","title_color":"#FF553E","typography_typography":"custom","typography_font_size":{"unit":"px","size":90,"sizes":[]},"lqd_parallax_settings_trigger_start":"top bottom","lqd_parallax_settings_trigger_end":"bottom top","typography_font_size_mobile":{"unit":"px","size":70,"sizes":[]},"typography_font_family":"Poppins","typography_font_weight":"700"},"elements":[],"isInner":false,"widgetType":"heading","elType":"widget"}],"isInner":true,"elType":"column"},{"id":"6c7303c0","settings":{"_column_size":50,"_inline_size":80,"_inline_size_tablet":100,"lqd_parallax_settings_trigger_start":"top bottom","lqd_parallax_settings_trigger_end":"bottom top","sticky_column_offset":"30px"},"elements":[{"id":"7239b767","settings":{"editor":"<p>Inceptos metus<\/p>","text_color":"#000000","typography_typography":"custom","typography_font_weight":"500","_margin":{"unit":"px","top":"0","right":"0","bottom":"20","left":"0","isLinked":false},"lqd_parallax_settings_trigger_start":"top bottom","lqd_parallax_settings_trigger_end":"bottom top","typography_font_family":"Poppins","typography_font_size":{"unit":"px","size":26,"sizes":[]}},"elements":[],"isInner":false,"widgetType":"text-editor","elType":"widget"},{"id":"28db69b0","settings":{"editor":"<p>Ipsume minim proinas venena dolors laoret evenie a tempor portti intege semper. Integest minim semper sagitt portti platea evenie vertis pro venena lacusa lectus. Lectus evenie portti proinas a gitt tempor intege laoret mini vulput venena ipsume.<\/p>","text_color":"#000000","typography_typography":"custom","typography_line_height":{"unit":"em","size":1.4,"sizes":[]},"_margin":{"unit":"px","top":"0","right":"0","bottom":"0","left":"0","isLinked":false},"lqd_parallax_settings_trigger_start":"top bottom","lqd_parallax_settings_trigger_end":"bottom top","typography_font_size":{"unit":"px","size":18,"sizes":[]},"typography_font_family":"Poppins"},"elements":[],"isInner":false,"widgetType":"text-editor","elType":"widget"}],"isInner":true,"elType":"column"}],"isInner":true,"elType":"section"},{"id":"41bf62b8","settings":{"structure":"20","content_position":"middle","padding":{"unit":"px","top":"20","right":"20","bottom":"20","left":"20","isLinked":true},"padding_mobile":{"unit":"px","top":"35","right":"0","bottom":"0","left":"0","isLinked":false},"lqd_parallax_settings_trigger_start":"top bottom","lqd_parallax_settings_trigger_end":"bottom top","background_background":"classic","background_color":"#FFFFFF","margin":{"unit":"px","top":"0","right":0,"bottom":"0","left":0,"isLinked":false},"lqd_sticky_row_offset":"0px"},"elements":[{"id":"1e086c76","settings":{"_column_size":50,"_inline_size":20,"_inline_size_tablet":100,"padding":{"unit":"px","top":"10","right":"10","bottom":"10","left":"20","isLinked":false},"padding_mobile":{"unit":"px","top":"0","right":"0","bottom":"0","left":"0","isLinked":false},"lqd_parallax_settings_trigger_start":"top bottom","lqd_parallax_settings_trigger_end":"bottom top","sticky_column_offset":"30px"},"elements":[{"id":"d3eda3e","settings":{"editor":"MODULE","text_color":"#000000","typography_typography":"custom","lqd_parallax_settings_trigger_start":"top bottom","lqd_parallax_settings_trigger_end":"bottom top","align":"left","typography_font_family":"Poppins"},"elements":[],"isInner":false,"widgetType":"text-editor","elType":"widget"},{"id":"82fbee4","settings":{"title":"02","title_color":"#FF553E","typography_typography":"custom","typography_font_size":{"unit":"px","size":90,"sizes":[]},"lqd_parallax_settings_trigger_start":"top bottom","lqd_parallax_settings_trigger_end":"bottom top","typography_font_size_mobile":{"unit":"px","size":70,"sizes":[]},"typography_font_family":"Poppins","typography_font_weight":"700"},"elements":[],"isInner":false,"widgetType":"heading","elType":"widget"}],"isInner":true,"elType":"column"},{"id":"628dafdd","settings":{"_column_size":50,"_inline_size":80,"_inline_size_tablet":100,"lqd_parallax_settings_trigger_start":"top bottom","lqd_parallax_settings_trigger_end":"bottom top","sticky_column_offset":"30px"},"elements":[{"id":"30c9a21a","settings":{"editor":"<p>Inceptos metus<\/p>","text_color":"#000000","typography_typography":"custom","typography_font_weight":"500","_margin":{"unit":"px","top":"0","right":"0","bottom":"20","left":"0","isLinked":false},"lqd_parallax_settings_trigger_start":"top bottom","lqd_parallax_settings_trigger_end":"bottom top","typography_font_family":"Poppins","typography_font_size":{"unit":"px","size":26,"sizes":[]}},"elements":[],"isInner":false,"widgetType":"text-editor","elType":"widget"},{"id":"30080acc","settings":{"editor":"<p>Ipsume minim proinas venena dolors laoret evenie a tempor portti intege semper. Integest minim semper sagitt portti platea evenie vertis pro venena lacusa lectus. Lectus evenie portti proinas a gitt tempor intege laoret mini vulput venena ipsume.<\/p>","text_color":"#000000","typography_typography":"custom","typography_line_height":{"unit":"em","size":1.4,"sizes":[]},"_margin":{"unit":"px","top":"0","right":"0","bottom":"0","left":"0","isLinked":false},"lqd_parallax_settings_trigger_start":"top bottom","lqd_parallax_settings_trigger_end":"bottom top","typography_font_size":{"unit":"px","size":18,"sizes":[]},"typography_font_family":"Poppins"},"elements":[],"isInner":false,"widgetType":"text-editor","elType":"widget"}],"isInner":true,"elType":"column"}],"isInner":true,"elType":"section"},{"id":"6588eba9","settings":{"structure":"20","content_position":"middle","padding":{"unit":"px","top":"20","right":"20","bottom":"20","left":"20","isLinked":true},"padding_mobile":{"unit":"px","top":"35","right":"0","bottom":"0","left":"0","isLinked":false},"lqd_parallax_settings_trigger_start":"top bottom","lqd_parallax_settings_trigger_end":"bottom top","background_background":"classic","background_color":"#FAF6F5","margin":{"unit":"px","top":"50","right":0,"bottom":"0","left":0,"isLinked":false},"margin_mobile":{"unit":"px","top":"20","right":0,"bottom":"0","left":0,"isLinked":false},"lqd_sticky_row_offset":"0px"},"elements":[{"id":"1de089f7","settings":{"_column_size":50,"_inline_size":20,"_inline_size_tablet":100,"padding":{"unit":"px","top":"10","right":"10","bottom":"10","left":"20","isLinked":false},"padding_mobile":{"unit":"px","top":"0","right":"0","bottom":"0","left":"0","isLinked":false},"lqd_parallax_settings_trigger_start":"top bottom","lqd_parallax_settings_trigger_end":"bottom top","sticky_column_offset":"30px"},"elements":[{"id":"646a3ae5","settings":{"editor":"MODULE","text_color":"#000000","typography_typography":"custom","lqd_parallax_settings_trigger_start":"top bottom","lqd_parallax_settings_trigger_end":"bottom top","align":"left","typography_font_family":"Poppins"},"elements":[],"isInner":false,"widgetType":"text-editor","elType":"widget"},{"id":"260f03ff","settings":{"title":"03","title_color":"#FF553E","typography_typography":"custom","typography_font_size":{"unit":"px","size":90,"sizes":[]},"lqd_parallax_settings_trigger_start":"top bottom","lqd_parallax_settings_trigger_end":"bottom top","typography_font_size_mobile":{"unit":"px","size":70,"sizes":[]},"typography_font_family":"Poppins","typography_font_weight":"700"},"elements":[],"isInner":false,"widgetType":"heading","elType":"widget"}],"isInner":true,"elType":"column"},{"id":"1cdefa72","settings":{"_column_size":50,"_inline_size":80,"_inline_size_tablet":100,"lqd_parallax_settings_trigger_start":"top bottom","lqd_parallax_settings_trigger_end":"bottom top","sticky_column_offset":"30px"},"elements":[{"id":"31b3632a","settings":{"editor":"<p>Inceptos metus<\/p>","text_color":"#000000","typography_typography":"custom","typography_font_weight":"500","_margin":{"unit":"px","top":"0","right":"0","bottom":"20","left":"0","isLinked":false},"lqd_parallax_settings_trigger_start":"top bottom","lqd_parallax_settings_trigger_end":"bottom top","typography_font_family":"Poppins","typography_font_size":{"unit":"px","size":26,"sizes":[]}},"elements":[],"isInner":false,"widgetType":"text-editor","elType":"widget"},{"id":"613dc120","settings":{"editor":"<p>Ipsume minim proinas venena dolors laoret evenie a tempor portti intege semper. Integest minim semper sagitt portti platea evenie vertis pro venena lacusa lectus. Lectus evenie portti proinas a gitt tempor intege laoret mini vulput venena ipsume.<\/p>","text_color":"#000000","typography_typography":"custom","typography_line_height":{"unit":"em","size":1.4,"sizes":[]},"_margin":{"unit":"px","top":"0","right":"0","bottom":"0","left":"0","isLinked":false},"lqd_parallax_settings_trigger_start":"top bottom","lqd_parallax_settings_trigger_end":"bottom top","typography_font_size":{"unit":"px","size":18,"sizes":[]},"typography_font_family":"Poppins"},"elements":[],"isInner":false,"widgetType":"text-editor","elType":"widget"}],"isInner":true,"elType":"column"}],"isInner":true,"elType":"section"},{"id":"18549a07","settings":{"structure":"20","content_position":"middle","padding":{"unit":"px","top":"20","right":"20","bottom":"20","left":"20","isLinked":true},"padding_mobile":{"unit":"px","top":"35","right":"0","bottom":"0","left":"0","isLinked":false},"lqd_parallax_settings_trigger_start":"top bottom","lqd_parallax_settings_trigger_end":"bottom top","background_background":"classic","background_color":"#FFFFFF","margin":{"unit":"px","top":"0","right":0,"bottom":"0","left":0,"isLinked":false},"lqd_sticky_row_offset":"0px"},"elements":[{"id":"6c90f3e3","settings":{"_column_size":50,"_inline_size":20,"_inline_size_tablet":100,"padding":{"unit":"px","top":"10","right":"10","bottom":"10","left":"20","isLinked":false},"padding_mobile":{"unit":"px","top":"0","right":"0","bottom":"0","left":"0","isLinked":false},"lqd_parallax_settings_trigger_start":"top bottom","lqd_parallax_settings_trigger_end":"bottom top","sticky_column_offset":"30px"},"elements":[{"id":"3490fe9d","settings":{"editor":"MODULE","text_color":"#000000","typography_typography":"custom","lqd_parallax_settings_trigger_start":"top bottom","lqd_parallax_settings_trigger_end":"bottom top","align":"left","typography_font_family":"Poppins"},"elements":[],"isInner":false,"widgetType":"text-editor","elType":"widget"},{"id":"6e1168f3","settings":{"title":"04","title_color":"#FF553E","typography_typography":"custom","typography_font_size":{"unit":"px","size":90,"sizes":[]},"lqd_parallax_settings_trigger_start":"top bottom","lqd_parallax_settings_trigger_end":"bottom top","typography_font_size_mobile":{"unit":"px","size":70,"sizes":[]},"typography_font_family":"Poppins","typography_font_weight":"700"},"elements":[],"isInner":false,"widgetType":"heading","elType":"widget"}],"isInner":true,"elType":"column"},{"id":"60090c7e","settings":{"_column_size":50,"_inline_size":80,"_inline_size_tablet":100,"lqd_parallax_settings_trigger_start":"top bottom","lqd_parallax_settings_trigger_end":"bottom top","sticky_column_offset":"30px"},"elements":[{"id":"1958e94b","settings":{"editor":"<p>Inceptos metus<\/p>","text_color":"#000000","typography_typography":"custom","typography_font_weight":"500","_margin":{"unit":"px","top":"0","right":"0","bottom":"20","left":"0","isLinked":false},"lqd_parallax_settings_trigger_start":"top bottom","lqd_parallax_settings_trigger_end":"bottom top","typography_font_family":"Poppins","typography_font_size":{"unit":"px","size":26,"sizes":[]}},"elements":[],"isInner":false,"widgetType":"text-editor","elType":"widget"},{"id":"7f3f43d8","settings":{"editor":"<p>Ipsume minim proinas venena dolors laoret evenie a tempor portti intege semper. Integest minim semper sagitt portti platea evenie vertis pro venena lacusa lectus. Lectus evenie portti proinas a gitt tempor intege laoret mini vulput venena ipsume.<\/p>","text_color":"#000000","typography_typography":"custom","typography_line_height":{"unit":"em","size":1.4,"sizes":[]},"_margin":{"unit":"px","top":"0","right":"0","bottom":"0","left":"0","isLinked":false},"lqd_parallax_settings_trigger_start":"top bottom","lqd_parallax_settings_trigger_end":"bottom top","typography_font_size":{"unit":"px","size":18,"sizes":[]},"typography_font_family":"Poppins"},"elements":[],"isInner":false,"widgetType":"text-editor","elType":"widget"}],"isInner":true,"elType":"column"}],"isInner":true,"elType":"section"},{"id":"1afbe00c","settings":{"structure":"20","content_position":"middle","padding":{"unit":"px","top":"20","right":"20","bottom":"20","left":"20","isLinked":true},"padding_mobile":{"unit":"px","top":"35","right":"0","bottom":"0","left":"0","isLinked":false},"lqd_parallax_settings_trigger_start":"top bottom","lqd_parallax_settings_trigger_end":"bottom top","background_background":"classic","background_color":"#FAF6F5","margin":{"unit":"px","top":"50","right":0,"bottom":"0","left":0,"isLinked":false},"margin_mobile":{"unit":"px","top":"20","right":0,"bottom":"0","left":0,"isLinked":false},"lqd_sticky_row_offset":"0px"},"elements":[{"id":"3749368c","settings":{"_column_size":50,"_inline_size":20,"_inline_size_tablet":100,"padding":{"unit":"px","top":"10","right":"10","bottom":"10","left":"20","isLinked":false},"padding_mobile":{"unit":"px","top":"0","right":"0","bottom":"0","left":"0","isLinked":false},"lqd_parallax_settings_trigger_start":"top bottom","lqd_parallax_settings_trigger_end":"bottom top","sticky_column_offset":"30px"},"elements":[{"id":"5318ada6","settings":{"editor":"MODULE","text_color":"#000000","typography_typography":"custom","lqd_parallax_settings_trigger_start":"top bottom","lqd_parallax_settings_trigger_end":"bottom top","align":"left","typography_font_family":"Poppins"},"elements":[],"isInner":false,"widgetType":"text-editor","elType":"widget"},{"id":"3521d81","settings":{"title":"05","title_color":"#FF553E","typography_typography":"custom","typography_font_size":{"unit":"px","size":90,"sizes":[]},"lqd_parallax_settings_trigger_start":"top bottom","lqd_parallax_settings_trigger_end":"bottom top","typography_font_size_mobile":{"unit":"px","size":70,"sizes":[]},"typography_font_family":"Poppins","typography_font_weight":"700"},"elements":[],"isInner":false,"widgetType":"heading","elType":"widget"}],"isInner":true,"elType":"column"},{"id":"1045d011","settings":{"_column_size":50,"_inline_size":80,"_inline_size_tablet":100,"lqd_parallax_settings_trigger_start":"top bottom","lqd_parallax_settings_trigger_end":"bottom top","sticky_column_offset":"30px"},"elements":[{"id":"656dfd35","settings":{"editor":"<p>Inceptos metus<\/p>","text_color":"#000000","typography_typography":"custom","typography_font_weight":"500","_margin":{"unit":"px","top":"0","right":"0","bottom":"20","left":"0","isLinked":false},"lqd_parallax_settings_trigger_start":"top bottom","lqd_parallax_settings_trigger_end":"bottom top","typography_font_family":"Poppins","typography_font_size":{"unit":"px","size":26,"sizes":[]}},"elements":[],"isInner":false,"widgetType":"text-editor","elType":"widget"},{"id":"63c2830e","settings":{"editor":"<p>Ipsume minim proinas venena dolors laoret evenie a tempor portti intege semper. Integest minim semper sagitt portti platea evenie vertis pro venena lacusa lectus. Lectus evenie portti proinas a gitt tempor intege laoret mini vulput venena ipsume.<\/p>","text_color":"#000000","typography_typography":"custom","typography_line_height":{"unit":"em","size":1.4,"sizes":[]},"_margin":{"unit":"px","top":"0","right":"0","bottom":"0","left":"0","isLinked":false},"lqd_parallax_settings_trigger_start":"top bottom","lqd_parallax_settings_trigger_end":"bottom top","typography_font_size":{"unit":"px","size":18,"sizes":[]},"typography_font_family":"Poppins"},"elements":[],"isInner":false,"widgetType":"text-editor","elType":"widget"}],"isInner":true,"elType":"column"}],"isInner":true,"elType":"section"},{"id":"70984638","settings":{"structure":"20","content_position":"middle","padding":{"unit":"px","top":"20","right":"20","bottom":"20","left":"20","isLinked":true},"padding_mobile":{"unit":"px","top":"35","right":"0","bottom":"0","left":"0","isLinked":false},"lqd_parallax_settings_trigger_start":"top bottom","lqd_parallax_settings_trigger_end":"bottom top","background_background":"classic","background_color":"#FFFFFF","margin":{"unit":"px","top":"0","right":0,"bottom":"0","left":0,"isLinked":false},"lqd_sticky_row_offset":"0px"},"elements":[{"id":"db08900","settings":{"_column_size":50,"_inline_size":20,"_inline_size_tablet":100,"padding":{"unit":"px","top":"10","right":"10","bottom":"10","left":"20","isLinked":false},"padding_mobile":{"unit":"px","top":"0","right":"0","bottom":"0","left":"0","isLinked":false},"lqd_parallax_settings_trigger_start":"top bottom","lqd_parallax_settings_trigger_end":"bottom top","sticky_column_offset":"30px"},"elements":[{"id":"e368dcf","settings":{"editor":"MODULE","text_color":"#000000","typography_typography":"custom","lqd_parallax_settings_trigger_start":"top bottom","lqd_parallax_settings_trigger_end":"bottom top","align":"left","typography_font_family":"Poppins"},"elements":[],"isInner":false,"widgetType":"text-editor","elType":"widget"},{"id":"4794f9fe","settings":{"title":"06","title_color":"#FF553E","typography_typography":"custom","typography_font_size":{"unit":"px","size":90,"sizes":[]},"lqd_parallax_settings_trigger_start":"top bottom","lqd_parallax_settings_trigger_end":"bottom top","typography_font_size_mobile":{"unit":"px","size":70,"sizes":[]},"typography_font_family":"Poppins","typography_font_weight":"700"},"elements":[],"isInner":false,"widgetType":"heading","elType":"widget"}],"isInner":true,"elType":"column"},{"id":"128f057f","settings":{"_column_size":50,"_inline_size":80,"_inline_size_tablet":100,"lqd_parallax_settings_trigger_start":"top bottom","lqd_parallax_settings_trigger_end":"bottom top","sticky_column_offset":"30px"},"elements":[{"id":"45284325","settings":{"editor":"<p>Inceptos metus<\/p>","text_color":"#000000","typography_typography":"custom","typography_font_weight":"500","_margin":{"unit":"px","top":"0","right":"0","bottom":"20","left":"0","isLinked":false},"lqd_parallax_settings_trigger_start":"top bottom","lqd_parallax_settings_trigger_end":"bottom top","typography_font_family":"Poppins","typography_font_size":{"unit":"px","size":26,"sizes":[]}},"elements":[],"isInner":false,"widgetType":"text-editor","elType":"widget"},{"id":"677afe49","settings":{"editor":"<p>Ipsume minim proinas venena dolors laoret evenie a tempor portti intege semper. Integest minim semper sagitt portti platea evenie vertis pro venena lacusa lectus. Lectus evenie portti proinas a gitt tempor intege laoret mini vulput venena ipsume.<\/p>","text_color":"#000000","typography_typography":"custom","typography_line_height":{"unit":"em","size":1.4,"sizes":[]},"_margin":{"unit":"px","top":"0","right":"0","bottom":"0","left":"0","isLinked":false},"lqd_parallax_settings_trigger_start":"top bottom","lqd_parallax_settings_trigger_end":"bottom top","typography_font_size":{"unit":"px","size":18,"sizes":[]},"typography_font_family":"Poppins"},"elements":[],"isInner":false,"widgetType":"text-editor","elType":"widget"}],"isInner":true,"elType":"column"}],"isInner":true,"elType":"section"},{"id":"3677a185","settings":{"structure":"20","content_position":"middle","padding":{"unit":"px","top":"20","right":"20","bottom":"20","left":"20","isLinked":true},"padding_mobile":{"unit":"px","top":"35","right":"0","bottom":"0","left":"0","isLinked":false},"lqd_parallax_settings_trigger_start":"top bottom","lqd_parallax_settings_trigger_end":"bottom top","background_background":"classic","background_color":"#FAF6F5","margin":{"unit":"px","top":"50","right":0,"bottom":"0","left":0,"isLinked":false},"margin_mobile":{"unit":"px","top":"20","right":0,"bottom":"0","left":0,"isLinked":false},"lqd_sticky_row_offset":"0px"},"elements":[{"id":"4540706e","settings":{"_column_size":50,"_inline_size":20,"_inline_size_tablet":100,"padding":{"unit":"px","top":"10","right":"10","bottom":"10","left":"20","isLinked":false},"padding_mobile":{"unit":"px","top":"0","right":"0","bottom":"0","left":"0","isLinked":false},"lqd_parallax_settings_trigger_start":"top bottom","lqd_parallax_settings_trigger_end":"bottom top","sticky_column_offset":"30px"},"elements":[{"id":"41edb12b","settings":{"editor":"MODULE","text_color":"#000000","typography_typography":"custom","lqd_parallax_settings_trigger_start":"top bottom","lqd_parallax_settings_trigger_end":"bottom top","align":"left","typography_font_family":"Poppins"},"elements":[],"isInner":false,"widgetType":"text-editor","elType":"widget"},{"id":"248ad70","settings":{"title":"07","title_color":"#FF553E","typography_typography":"custom","typography_font_size":{"unit":"px","size":90,"sizes":[]},"lqd_parallax_settings_trigger_start":"top bottom","lqd_parallax_settings_trigger_end":"bottom top","typography_font_size_mobile":{"unit":"px","size":70,"sizes":[]},"typography_font_family":"Poppins","typography_font_weight":"700"},"elements":[],"isInner":false,"widgetType":"heading","elType":"widget"}],"isInner":true,"elType":"column"},{"id":"64d370b9","settings":{"_column_size":50,"_inline_size":80,"_inline_size_tablet":100,"lqd_parallax_settings_trigger_start":"top bottom","lqd_parallax_settings_trigger_end":"bottom top","sticky_column_offset":"30px"},"elements":[{"id":"410c50ce","settings":{"editor":"<p>Inceptos metus<\/p>","text_color":"#000000","typography_typography":"custom","typography_font_weight":"500","_margin":{"unit":"px","top":"0","right":"0","bottom":"20","left":"0","isLinked":false},"lqd_parallax_settings_trigger_start":"top bottom","lqd_parallax_settings_trigger_end":"bottom top","typography_font_family":"Poppins","typography_font_size":{"unit":"px","size":26,"sizes":[]}},"elements":[],"isInner":false,"widgetType":"text-editor","elType":"widget"},{"id":"23a7c29a","settings":{"editor":"<p>Ipsume minim proinas venena dolors laoret evenie a tempor portti intege semper. Integest minim semper sagitt portti platea evenie vertis pro venena lacusa lectus. Lectus evenie portti proinas a gitt tempor intege laoret mini vulput venena ipsume.<\/p>","text_color":"#000000","typography_typography":"custom","typography_line_height":{"unit":"em","size":1.4,"sizes":[]},"_margin":{"unit":"px","top":"0","right":"0","bottom":"0","left":"0","isLinked":false},"lqd_parallax_settings_trigger_start":"top bottom","lqd_parallax_settings_trigger_end":"bottom top","typography_font_size":{"unit":"px","size":18,"sizes":[]},"typography_font_family":"Poppins"},"elements":[],"isInner":false,"widgetType":"text-editor","elType":"widget"}],"isInner":true,"elType":"column"}],"isInner":true,"elType":"section"}],"isInner":false,"elType":"column"}],"isInner":false,"elType":"section"},{"id":"685fc256","settings":{"background_background":"classic","padding":{"unit":"px","top":"0","right":"0","bottom":"0","left":"0","isLinked":false},"padding_mobile":{"unit":"px","top":"50","right":"0","bottom":"0","left":"0","isLinked":false},"lqd_parallax_settings_trigger_start":"top bottom","lqd_parallax_settings_trigger_end":"bottom top","lqd_sticky_row_offset":"0px","margin":{"unit":"px","top":"100","right":0,"bottom":"0","left":0,"isLinked":false}},"elements":[{"id":"2dbb359f","settings":{"_column_size":100,"_inline_size":null,"lqd_parallax_settings_trigger_start":"top bottom","lqd_parallax_settings_trigger_end":"bottom top","sticky_column_offset":"30px"},"elements":[{"id":"3f171c0c","settings":{"title":"Using \n<u><span style=\"color:#ff553e;\">[Product]<\/u> <\/span>Will Give You <u><span style=\"color:#ff553e;\">[Benefit]<\/u> <\/span \n","align":"center","title_color":"#000000","typography_typography":"custom","typography_font_family":"Poppins","typography_font_size":{"unit":"px","size":60,"sizes":[]},"typography_line_height":{"unit":"em","size":1.3,"sizes":[]},"lqd_parallax_settings_trigger_start":"top bottom","lqd_parallax_settings_trigger_end":"bottom top","typography_font_weight":"700"},"elements":[],"isInner":false,"widgetType":"heading","elType":"widget"},{"id":"412edba9","settings":{"image":{"url":"https:\/\/growthhours.com\/wp-content\/uploads\/2022\/07\/10x-coversions.png","id":9208,"alt":"","source":"library"},"image_size":"full","_margin":{"unit":"px","top":"50","right":"0","bottom":"0","left":"0","isLinked":false},"lqd_parallax_settings_trigger_start":"top bottom","lqd_parallax_settings_trigger_end":"bottom top","width":{"unit":"%","size":50,"sizes":[]}},"elements":[],"isInner":false,"widgetType":"image","elType":"widget"},{"id":"70f41909","settings":{"editor":"<p>Ipsume minim proinas venena dolors laoret evenie a tempor portti intege semper. Integest minim semper sagitt portti platea evenie vertis pro venena lacusa lectus. Lectus evenie portti proinas a gitt tempor intege laoret mini vulput venena ipsume.<\/p><p>\u00a0<\/p><p>Ipsume minim proinas venena dolors laoret evenie a tempor portti intege semper. Integest minim semper sagitt portti platea evenie vertis pro venena lacusa lectus. Lectus evenie portti proinas a gitt tempor intege laoret mini vulput venena ipsume.<\/p><p>\u00a0<\/p><p>Ipsume minim proinas venena dolors laoret evenie a tempor portti intege semper. Integest minim semper sagitt portti platea evenie vertis pro venena lacusa lectus. <span style=\"text-decoration: underline;\"><strong>Lectus evenie portti proinas a gitt tempor intege laoret mini vulput<\/strong><\/span> venena ipsume.<\/p>","text_color":"#000000","typography_typography":"custom","typography_font_family":"Poppins","typography_font_size":{"unit":"px","size":22,"sizes":[]},"typography_font_weight":"400","_margin":{"unit":"px","top":"80","right":"0","bottom":"80","left":"0","isLinked":false},"_margin_mobile":{"unit":"px","top":"50","right":"0","bottom":"50","left":"0","isLinked":false},"lqd_parallax_settings_trigger_start":"top bottom","lqd_parallax_settings_trigger_end":"bottom top","typography_line_height":{"unit":"em","size":1.5,"sizes":[]}},"elements":[],"isInner":false,"widgetType":"text-editor","elType":"widget"},{"id":"4f5c7e4c","settings":{"structure":"20","lqd_parallax_settings_trigger_start":"top bottom","lqd_parallax_settings_trigger_end":"bottom top","lqd_sticky_row_offset":"0px","margin":{"unit":"px","top":"0","right":0,"bottom":"0","left":0,"isLinked":false}},"elements":[{"id":"1ebd63a6","settings":{"_column_size":50,"_inline_size":40.038,"align":"flex-end","padding":{"unit":"px","top":"0","right":"30","bottom":"0","left":"0","isLinked":false},"lqd_parallax_settings_trigger_start":"top bottom","lqd_parallax_settings_trigger_end":"bottom top","sticky_column_offset":"30px"},"elements":[{"id":"79995cd","settings":{"editor":"<h2><span style=\"color: #ffffff; font-size: 50px; font-weight: bold; font-family: Helvetica;\"><span style=\"color: #000000;\">$199\u00a0<\/span> <span style=\"color: #999999;\"><s>$499\u00a0<\/s><\/span><\/span><\/h2>","align":"right","text_color":"#FFFFFF","typography_typography":"custom","typography_line_height":{"unit":"px","size":1,"sizes":[]},"lqd_parallax_settings_trigger_start":"top bottom","lqd_parallax_settings_trigger_end":"bottom top","_margin":{"unit":"px","top":"20","right":"0","bottom":"0","left":"0","isLinked":false}},"elements":[],"isInner":false,"widgetType":"text-editor","elType":"widget"},{"id":"25e45471","settings":{"editor":"<p>HURRY - Price Goes Up TODAY!<\/p>","align":"right","typography_typography":"custom","typography_font_family":"Poppins","typography_font_size":{"unit":"px","size":20,"sizes":[]},"_margin":{"unit":"px","top":"-10","right":"0","bottom":"0","left":"0","isLinked":false}},"elements":[],"isInner":false,"widgetType":"text-editor","elType":"widget"}],"isInner":true,"elType":"column"},{"id":"262d34fe","settings":{"_column_size":50,"_inline_size":59.962,"padding":{"unit":"px","top":"0","right":"0","bottom":"0","left":"4","isLinked":false},"lqd_parallax_settings_trigger_start":"top bottom","lqd_parallax_settings_trigger_end":"bottom top","sticky_column_offset":"30px","margin":{"unit":"px","top":"0","right":"0","bottom":"0","left":"0","isLinked":false}},"elements":[{"id":"1cb4b414","settings":{"text":"Start Creating Real Results! <br><small>Limited Time Offer <\/small>","align":"left","typography_typography":"custom","typography_font_family":"Poppins","typography_font_size":{"unit":"px","size":28,"sizes":[]},"typography_font_size_mobile":{"unit":"px","size":22,"sizes":[]},"typography_font_weight":"700","typography_text_transform":"uppercase","button_text_color":"#FFFFFF","background_color":"#FF553E","hover_animation":"grow","border_radius":{"unit":"px","top":"0","right":"0","bottom":"0","left":"0","isLinked":true},"text_padding":{"unit":"px","top":"20","right":"60","bottom":"20","left":"60","isLinked":false},"eael_tooltip_section_content":"I am a tooltip","eael_ext_content_protection_password_placeholder":"Enter Password","eael_ext_content_protection_password_submit_btn_txt":"Submit","tooltip_content":"I am a tooltip","_margin":{"unit":"px","top":"0","right":"0","bottom":"0","left":"0","isLinked":false},"typography_line_height_mobile":{"unit":"em","size":1.2,"sizes":[]},"text_padding_mobile":{"unit":"px","top":"15","right":"15","bottom":"15","left":"15","isLinked":true},"typography_font_size_tablet":{"unit":"px","size":26,"sizes":[]},"typography_line_height":{"unit":"em","size":1,"sizes":[]},"align_mobile":"justify","_css_classes":"TLF-double-line-btn","lqd_parallax_settings_trigger_start":"top bottom","lqd_parallax_settings_trigger_end":"bottom top","link":{"url":"#checkout","is_external":"","nofollow":"","custom_attributes":""}},"elements":[],"isInner":false,"widgetType":"button","elType":"widget"}],"isInner":true,"elType":"column"}],"isInner":true,"elType":"section"}],"isInner":false,"elType":"column"}],"isInner":false,"elType":"section"},{"id":"5f93be1d","settings":{"margin":{"unit":"px","top":"0","right":0,"bottom":"0","left":0,"isLinked":false},"padding":{"unit":"px","top":"100","right":"0","bottom":"50","left":"0","isLinked":false},"background_background":"classic","padding_mobile":{"unit":"px","top":"50","right":"0","bottom":"50","left":"0","isLinked":false},"lqd_parallax_settings_trigger_start":"top bottom","lqd_parallax_settings_trigger_end":"bottom top","lqd_sticky_row_offset":"0px"},"elements":[{"id":"44d40","settings":{"_column_size":100,"_inline_size":null,"lqd_parallax_settings_trigger_start":"top bottom","lqd_parallax_settings_trigger_end":"bottom top","sticky_column_offset":"30px"},"elements":[{"id":"34bcd792","settings":{"title":"See What People Are Saying\n","align":"center","typography_typography":"custom","typography_font_family":"Poppins","typography_font_size":{"unit":"px","size":48,"sizes":[]},"lqd_parallax_settings_trigger_start":"top bottom","lqd_parallax_settings_trigger_end":"bottom top","title_color":"#000000","typography_font_weight":"700","_margin":{"unit":"px","top":"0","right":"0","bottom":"30","left":"0","isLinked":false}},"elements":[],"isInner":false,"widgetType":"heading","elType":"widget"},{"id":"1800192","settings":{"structure":"20","padding":{"unit":"px","top":"30","right":"0","bottom":"0","left":"0","isLinked":false},"border_width":{"unit":"px","top":"0","right":"0","bottom":"1","left":"0","isLinked":false},"border_color":"#E43B2C","lqd_parallax_settings_trigger_start":"top bottom","lqd_parallax_settings_trigger_end":"bottom top","lqd_sticky_row_offset":"0px"},"elements":[{"id":"13b53787","settings":{"_column_size":50,"_inline_size":30,"space_between_widgets":10,"lqd_parallax_settings_trigger_start":"top bottom","lqd_parallax_settings_trigger_end":"bottom top","sticky_column_offset":"30px"},"elements":[{"id":"459e6b84","settings":{"image":{"id":8740,"url":"https:\/\/growthhours.com\/wp-content\/uploads\/2022\/07\/stars-9403af6108ff33a9ab61d91e2f20dda48ace020556256c8959e1c29b29634026-1-3.svg"},"align":"center","width":{"unit":"%","size":45,"sizes":[]},"lqd_parallax_settings_trigger_start":"top bottom","lqd_parallax_settings_trigger_end":"bottom top"},"elements":[],"isInner":false,"widgetType":"image","elType":"widget"},{"id":"7b575673","settings":{"title":"Lauren Hartley\n\n","typography_typography":"custom","typography_font_family":"Poppins","typography_font_size":{"unit":"px","size":16,"sizes":[]},"typography_font_weight":"normal","align":"center","lqd_parallax_settings_trigger_start":"top bottom","lqd_parallax_settings_trigger_end":"bottom top","title_color":"#000000"},"elements":[],"isInner":false,"widgetType":"heading","elType":"widget"}],"isInner":true,"elType":"column"},{"id":"4bb7b2c0","settings":{"_column_size":50,"_inline_size":70,"space_between_widgets":10,"lqd_parallax_settings_trigger_start":"top bottom","lqd_parallax_settings_trigger_end":"bottom top","sticky_column_offset":"30px"},"elements":[{"id":"551b5c46","settings":{"title":"\"Donec sed odio dui. Cum sociis natoque penatibus mus.\"","typography_typography":"custom","typography_font_family":"Poppins","typography_font_size":{"unit":"px","size":22,"sizes":[]},"typography_font_weight":"500","lqd_parallax_settings_trigger_start":"top bottom","lqd_parallax_settings_trigger_end":"bottom top","title_color":"#000000"},"elements":[],"isInner":false,"widgetType":"heading","elType":"widget"},{"id":"5d186afd","settings":{"editor":"<p>Donec luctus potenti facilisis, vulputate ornare himenaeos laoreet nibh justo, arcu eros phasellus. Sollicitudin dolor curabitur vulputate etiam fringilla sed? Scelerisque pellentesque scelerisque libero odio sodales maecenas amet suspendisse sagittis egestas. Cras luctus condimentum sociosqu nullam hendrerit erat, nibh?<\/p>","text_color":"#000000","typography_typography":"custom","typography_font_family":"Poppins","typography_font_size":{"unit":"px","size":18,"sizes":[]},"typography_font_weight":"400","lqd_parallax_settings_trigger_start":"top bottom","lqd_parallax_settings_trigger_end":"bottom top","typography_line_height":{"unit":"em","size":1.3,"sizes":[]}},"elements":[],"isInner":false,"widgetType":"text-editor","elType":"widget"}],"isInner":true,"elType":"column"}],"isInner":true,"elType":"section"},{"id":"3c90fbde","settings":{"structure":"20","padding":{"unit":"px","top":"50","right":"0","bottom":"0","left":"0","isLinked":false},"lqd_parallax_settings_trigger_start":"top bottom","lqd_parallax_settings_trigger_end":"bottom top","lqd_sticky_row_offset":"0px"},"elements":[{"id":"22bd6c2b","settings":{"_column_size":50,"_inline_size":30,"space_between_widgets":10,"lqd_parallax_settings_trigger_start":"top bottom","lqd_parallax_settings_trigger_end":"bottom top","sticky_column_offset":"30px"},"elements":[{"id":"392a95f6","settings":{"image":{"id":8740,"url":"https:\/\/growthhours.com\/wp-content\/uploads\/2022\/07\/stars-9403af6108ff33a9ab61d91e2f20dda48ace020556256c8959e1c29b29634026-1-3.svg"},"align":"center","width":{"unit":"%","size":45,"sizes":[]},"lqd_parallax_settings_trigger_start":"top bottom","lqd_parallax_settings_trigger_end":"bottom top"},"elements":[],"isInner":false,"widgetType":"image","elType":"widget"},{"id":"3557b9b","settings":{"title":"Justin Peterson","typography_typography":"custom","typography_font_family":"Poppins","typography_font_size":{"unit":"px","size":16,"sizes":[]},"typography_font_weight":"normal","align":"center","lqd_parallax_settings_trigger_start":"top bottom","lqd_parallax_settings_trigger_end":"bottom top","title_color":"#000000"},"elements":[],"isInner":false,"widgetType":"heading","elType":"widget"}],"isInner":true,"elType":"column"},{"id":"570f461a","settings":{"_column_size":50,"_inline_size":70,"space_between_widgets":10,"lqd_parallax_settings_trigger_start":"top bottom","lqd_parallax_settings_trigger_end":"bottom top","sticky_column_offset":"30px"},"elements":[{"id":"4fc5d77b","settings":{"title":"\"Donec sed odio dui. Cum sociis natoque penatibus mus.\"","typography_typography":"custom","typography_font_family":"Poppins","typography_font_size":{"unit":"px","size":22,"sizes":[]},"typography_font_weight":"500","lqd_parallax_settings_trigger_start":"top bottom","lqd_parallax_settings_trigger_end":"bottom top","title_color":"#000000"},"elements":[],"isInner":false,"widgetType":"heading","elType":"widget"},{"id":"1e34ed34","settings":{"editor":"<p>Donec luctus potenti facilisis, vulputate ornare himenaeos laoreet nibh justo, arcu eros phasellus. Sollicitudin dolor curabitur vulputate etiam fringilla sed? Scelerisque pellentesque scelerisque libero odio sodales maecenas amet suspendisse sagittis egestas. Cras luctus condimentum sociosqu nullam hendrerit erat, nibh?<\/p>","text_color":"#000000","typography_typography":"custom","typography_font_family":"Poppins","typography_font_size":{"unit":"px","size":18,"sizes":[]},"typography_font_weight":"400","lqd_parallax_settings_trigger_start":"top bottom","lqd_parallax_settings_trigger_end":"bottom top","typography_line_height":{"unit":"em","size":1.3,"sizes":[]}},"elements":[],"isInner":false,"widgetType":"text-editor","elType":"widget"}],"isInner":true,"elType":"column"}],"isInner":true,"elType":"section"},{"id":"397f259c","settings":{"structure":"20","padding":{"unit":"px","top":"50","right":"0","bottom":"0","left":"0","isLinked":false},"lqd_parallax_settings_trigger_start":"top bottom","lqd_parallax_settings_trigger_end":"bottom top","lqd_sticky_row_offset":"0px"},"elements":[{"id":"46279c17","settings":{"_column_size":50,"_inline_size":30,"space_between_widgets":10,"lqd_parallax_settings_trigger_start":"top bottom","lqd_parallax_settings_trigger_end":"bottom top","sticky_column_offset":"30px"},"elements":[{"id":"38c16e46","settings":{"image":{"id":8740,"url":"https:\/\/growthhours.com\/wp-content\/uploads\/2022\/07\/stars-9403af6108ff33a9ab61d91e2f20dda48ace020556256c8959e1c29b29634026-1-3.svg"},"align":"center","width":{"unit":"%","size":45,"sizes":[]},"lqd_parallax_settings_trigger_start":"top bottom","lqd_parallax_settings_trigger_end":"bottom top"},"elements":[],"isInner":false,"widgetType":"image","elType":"widget"},{"id":"6897582b","settings":{"title":"Violet Mansfield","typography_typography":"custom","typography_font_family":"Poppins","typography_font_size":{"unit":"px","size":16,"sizes":[]},"typography_font_weight":"normal","align":"center","lqd_parallax_settings_trigger_start":"top bottom","lqd_parallax_settings_trigger_end":"bottom top","title_color":"#000000"},"elements":[],"isInner":false,"widgetType":"heading","elType":"widget"}],"isInner":true,"elType":"column"},{"id":"7be4c268","settings":{"_column_size":50,"_inline_size":70,"space_between_widgets":10,"lqd_parallax_settings_trigger_start":"top bottom","lqd_parallax_settings_trigger_end":"bottom top","sticky_column_offset":"30px"},"elements":[{"id":"6b637ee5","settings":{"title":"\"Donec sed odio dui. Cum sociis natoque penatibus mus.\"","typography_typography":"custom","typography_font_family":"Poppins","typography_font_size":{"unit":"px","size":22,"sizes":[]},"typography_font_weight":"500","lqd_parallax_settings_trigger_start":"top bottom","lqd_parallax_settings_trigger_end":"bottom top","title_color":"#000000"},"elements":[],"isInner":false,"widgetType":"heading","elType":"widget"},{"id":"70b515bd","settings":{"editor":"<p>Donec luctus potenti facilisis, vulputate ornare himenaeos laoreet nibh justo, arcu eros phasellus. Sollicitudin dolor curabitur vulputate etiam fringilla sed? Scelerisque pellentesque scelerisque libero odio sodales maecenas amet suspendisse sagittis egestas. Cras luctus condimentum sociosqu nullam hendrerit erat, nibh?<\/p>","text_color":"#000000","typography_typography":"custom","typography_font_family":"Poppins","typography_font_size":{"unit":"px","size":18,"sizes":[]},"typography_font_weight":"400","lqd_parallax_settings_trigger_start":"top bottom","lqd_parallax_settings_trigger_end":"bottom top","typography_line_height":{"unit":"em","size":1.3,"sizes":[]}},"elements":[],"isInner":false,"widgetType":"text-editor","elType":"widget"}],"isInner":true,"elType":"column"}],"isInner":true,"elType":"section"}],"isInner":false,"elType":"column"}],"isInner":false,"elType":"section"},{"id":"268975f4","settings":{"content_width":{"unit":"px","size":1000,"sizes":[]},"gap":"no","background_background":"classic","background_color":"#FF553E","shape_divider_top_color":"#F9F9F8","shape_divider_top_height":{"unit":"px","size":100,"sizes":[]},"padding":{"unit":"px","top":"100","right":"30","bottom":"0","left":"30","isLinked":false},"z_index":2,"shape_divider_top_width_mobile":{"unit":"%","size":200,"sizes":[]},"shape_divider_top_height_mobile":{"unit":"px","size":50,"sizes":[]},"padding_tablet":{"unit":"px","top":"60","right":"30","bottom":"0","left":"30","isLinked":false},"padding_mobile":{"unit":"px","top":"50","right":"30","bottom":"0","left":"30","isLinked":false},"shape_divider_bottom":"tilt","shape_divider_bottom_color":"#FFFFFF","shape_divider_bottom_height":{"unit":"px","size":280,"sizes":[]},"shape_divider_bottom_height_tablet":{"unit":"px","size":250,"sizes":[]},"lqd_parallax_settings_trigger_start":"top bottom","lqd_parallax_settings_trigger_end":"bottom top","lqd_sticky_row_offset":"0px"},"elements":[{"id":"d974936","settings":{"_column_size":100,"_inline_size":null,"content_position":"center","align":"center","lqd_parallax_settings_trigger_start":"top bottom","lqd_parallax_settings_trigger_end":"bottom top","sticky_column_offset":"30px"},"elements":[{"id":"4481e55d","settings":{"background_background":"classic","background_color":"#FFFFFF","border_radius":{"unit":"px","top":"0","right":"0","bottom":"0","left":"0","isLinked":true},"box_shadow_box_shadow_type":"yes","box_shadow_box_shadow":{"horizontal":0,"vertical":0,"blur":30,"spread":-13,"color":"rgba(0, 0, 0, 0.35)"},"margin":{"unit":"px","top":"0","right":0,"bottom":"-150","left":0,"isLinked":false},"padding":{"unit":"px","top":"60","right":"60","bottom":"60","left":"60","isLinked":true},"padding_tablet":{"unit":"px","top":"40","right":"30","bottom":"40","left":"30","isLinked":false},"lqd_parallax_settings_trigger_start":"top bottom","lqd_parallax_settings_trigger_end":"bottom top","lqd_sticky_row_offset":"0px"},"elements":[{"id":"17d25303","settings":{"_column_size":100,"_inline_size":null,"margin":{"unit":"px","top":"0","right":"0","bottom":"0","left":"0","isLinked":true},"padding":{"unit":"px","top":"0","right":"0","bottom":"0","left":"0","isLinked":true},"lqd_parallax_settings_trigger_start":"top bottom","lqd_parallax_settings_trigger_end":"bottom top","sticky_column_offset":"30px"},"elements":[{"id":"7dc0dc8","settings":{"title":"How [Product] Provides [Benefit]","header_size":"h3","title_color":"#000000","typography_typography":"custom","typography_font_family":"Poppins","typography_font_size":{"unit":"px","size":48,"sizes":[]},"typography_font_weight":"700","typography_text_transform":"uppercase","typography_line_height":{"unit":"em","size":1.2,"sizes":[]},"eael_tooltip_section_content":"I am a tooltip","eael_ext_content_protection_password_placeholder":"Enter Password","eael_ext_content_protection_password_submit_btn_txt":"Submit","tooltip_content":"I am a tooltip","align":"center","_margin":{"unit":"px","top":"0","right":"0","bottom":"25","left":"0","isLinked":false},"custom_css":"selector span {\n    color:#FF9000;\n}","typography_font_size_tablet":{"unit":"px","size":26,"sizes":[]},"typography_font_size_mobile":{"unit":"px","size":25,"sizes":[]},"lqd_parallax_settings_trigger_start":"top bottom","lqd_parallax_settings_trigger_end":"bottom top"},"elements":[],"isInner":false,"widgetType":"heading","elType":"widget"},{"id":"4174c858","settings":{"editor":"<p>This section can be used to add more information about the features\/benefits of yoru product in an easy to read format for your website visitors<\/p>","align":"center","text_color":"#000000","typography_typography":"custom","typography_font_family":"Poppins","typography_font_size":{"unit":"px","size":20,"sizes":[]},"typography_font_weight":"400","typography_line_height":{"unit":"em","size":1.8,"sizes":[]},"_margin":{"unit":"px","top":"0","right":"0","bottom":"0","left":"0","isLinked":false},"eael_tooltip_section_content":"I am a tooltip","eael_ext_content_protection_password_placeholder":"Enter Password","eael_ext_content_protection_password_submit_btn_txt":"Submit","tooltip_content":"I am a tooltip","typography_font_size_tablet":{"unit":"px","size":16,"sizes":[]},"typography_font_size_mobile":{"unit":"px","size":16,"sizes":[]},"lqd_parallax_settings_trigger_start":"top bottom","lqd_parallax_settings_trigger_end":"bottom top"},"elements":[],"isInner":false,"widgetType":"text-editor","elType":"widget"},{"id":"3e9746db","settings":{"view":"inline","icon_list":[{"text":"Add your first benefit driven benefit or feature here","selected_icon":{"value":"far fa-check-circle","library":"fa-regular"},"_id":"5e5a886"},{"text":"Add your 2nd benefit driven benefit or feature here","selected_icon":{"value":"far fa-check-circle","library":"fa-regular"},"_id":"f2aa2d5"},{"text":"Third benefit driven benefit or feature here","selected_icon":{"value":"far fa-check-circle","library":"fa-regular"},"_id":"d0b0587"},{"text":"Third benefit driven benefit or feature here","selected_icon":{"value":"far fa-check-circle","library":"fa-regular"},"_id":"be01705"}],"space_between":{"unit":"px","size":30,"sizes":[]},"icon_align":"center","icon_color":"#FF553E","icon_size":{"unit":"px","size":25,"sizes":[]},"text_color":"#000000","text_indent":{"unit":"px","size":10,"sizes":[]},"icon_typography_typography":"custom","icon_typography_font_family":"Poppins","icon_typography_font_size":{"unit":"px","size":18,"sizes":[]},"icon_typography_font_weight":"400","icon_typography_line_height":{"unit":"em","size":2,"sizes":[]},"eael_tooltip_section_content":"I am a tooltip","eael_ext_content_protection_password_placeholder":"Enter Password","eael_ext_content_protection_password_submit_btn_txt":"Submit","tooltip_content":"I am a tooltip","icon_align_tablet":"center","icon_size_tablet":{"unit":"px","size":15,"sizes":[]},"icon_typography_font_size_tablet":{"unit":"px","size":16,"sizes":[]},"_margin":{"unit":"px","top":"25","right":"0","bottom":"25","left":"0","isLinked":false},"lqd_parallax_settings_trigger_start":"top bottom","lqd_parallax_settings_trigger_end":"bottom top"},"elements":[],"isInner":false,"widgetType":"icon-list","elType":"widget"},{"id":"76f4c533","settings":{"editor":"<h2 style=\"text-align: center;\"><span style=\"color: #ffffff; font-size: 50px; font-weight: bold; font-family: Helvetica;\"><span style=\"color: #000000;\">$199\u00a0<\/span> <span style=\"color: #999999;\"><s>$499\u00a0<\/s><\/span><\/span><\/h2>","align":"right","text_color":"#FFFFFF","typography_typography":"custom","typography_font_family":"Helvetica","typography_line_height":{"unit":"px","size":1,"sizes":[]},"lqd_parallax_settings_trigger_start":"top bottom","lqd_parallax_settings_trigger_end":"bottom top"},"elements":[],"isInner":false,"widgetType":"text-editor","elType":"widget"},{"id":"45c57828","settings":{"text":"10X YOUR INCOME <br><small>Reserve Your seat<\/small>","align":"center","typography_typography":"custom","typography_font_family":"Poppins","typography_font_size":{"unit":"px","size":28,"sizes":[]},"typography_font_size_mobile":{"unit":"px","size":22,"sizes":[]},"typography_font_weight":"800","typography_text_transform":"uppercase","button_text_color":"#FFFFFF","background_color":"#FF553E","hover_animation":"grow","border_radius":{"unit":"px","top":"0","right":"0","bottom":"0","left":"0","isLinked":true},"text_padding":{"unit":"px","top":"20","right":"60","bottom":"20","left":"60","isLinked":false},"eael_tooltip_section_content":"I am a tooltip","eael_ext_content_protection_password_placeholder":"Enter Password","eael_ext_content_protection_password_submit_btn_txt":"Submit","tooltip_content":"I am a tooltip","_margin":{"unit":"px","top":"10","right":"0","bottom":"10","left":"0","isLinked":false},"typography_line_height_mobile":{"unit":"em","size":1.2,"sizes":[]},"text_padding_mobile":{"unit":"px","top":"15","right":"15","bottom":"15","left":"15","isLinked":true},"typography_font_size_tablet":{"unit":"px","size":26,"sizes":[]},"typography_line_height":{"unit":"em","size":1,"sizes":[]},"align_mobile":"justify","_css_classes":"TLF-double-line-btn","lqd_parallax_settings_trigger_start":"top bottom","lqd_parallax_settings_trigger_end":"bottom top","link":{"url":"#checkout","is_external":"","nofollow":"","custom_attributes":""}},"elements":[],"isInner":false,"widgetType":"button","elType":"widget"}],"isInner":true,"elType":"column"}],"isInner":true,"elType":"section"}],"isInner":false,"elType":"column"}],"isInner":false,"elType":"section"},{"id":"5cba3f4","settings":{"border_width":{"unit":"px","top":"1","right":"0","bottom":"0","left":"0","isLinked":false},"border_color":"#FFFFFF29","padding":{"unit":"px","top":"180","right":"0","bottom":"20","left":"0","isLinked":false},"padding_tablet":{"unit":"px","top":"0","right":"35","bottom":"30","left":"35","isLinked":false},"padding_mobile":{"unit":"px","top":"0","right":"15","bottom":"30","left":"15","isLinked":false},"lqd_parallax_settings_trigger_start":"top bottom","lqd_parallax_settings_trigger_end":"bottom top","lqd_sticky_row_offset":"0px","margin":{"unit":"px","top":"0","right":0,"bottom":"0","left":0,"isLinked":false}},"elements":[{"id":"74c3a8e2","settings":{"_column_size":100,"_inline_size":null,"content_position":"center","sticky_column_offset":"30px","lqd_parallax_settings_trigger_start":"top bottom","lqd_parallax_settings_trigger_end":"bottom top"},"elements":[{"id":"478535f6","settings":{"editor":"<div id=\"op3-designer-element\"><div data-op3-children=\"6\"><div id=\"op3-element-Q6h8GFxe\" class=\"op3-element \" data-op3-uuid=\"Q6h8GFxe\" data-op3-gid=\"\" data-op3-element-type=\"section\" data-op3-element-spec=\"\" data-op3-element-caption=\"Section #Q6h8GFxe\" data-op-visibility-hidden=\"0\" data-op-element-hidden=\"0\" data-op3-style-id=\"\" data-op3-has-children=\"1\"><div data-op3-element-container=\"\" data-op-animation-trigger=\"\" data-op-animation-style=\"\" data-op-animation-loop=\"\" data-op-timer-minutes=\"\" data-op-timer-seconds=\"\" data-op3-sticky=\"\" data-op3-sticky-active-desktop=\"\" data-op3-sticky-active-tablet=\"\" data-op3-sticky-active-mobile=\"\" data-op3-sticky-top-desktop=\"\" data-op3-sticky-top-tablet=\"\" data-op3-sticky-top-mobile=\"\" data-op3-sticky-until=\"\" data-op3-sticky-until-element=\"\"><div data-op3-children=\"1\"><div id=\"op3-element-hvibX4zL\" class=\"op3-element \" data-op3-uuid=\"hvibX4zL\" data-op3-gid=\"\" data-op3-element-type=\"row\" data-op3-element-spec=\"\" data-op3-element-caption=\"Row #hvibX4zL\" data-op-visibility-hidden=\"0\" data-op-element-hidden=\"0\" data-op3-style-id=\"\" data-op3-has-children=\"1\"><div data-op3-element-container=\"\" data-op-animation-trigger=\"\" data-op-animation-style=\"\" data-op-animation-loop=\"\" data-op-timer-minutes=\"\" data-op-timer-seconds=\"\" data-op3-sticky=\"\" data-op3-sticky-active-desktop=\"\" data-op3-sticky-active-tablet=\"\" data-op3-sticky-active-mobile=\"\" data-op3-sticky-top-desktop=\"\" data-op3-sticky-top-tablet=\"\" data-op3-sticky-top-mobile=\"\" data-op3-sticky-until=\"\" data-op3-sticky-until-element=\"\"><div data-op3-children=\"1\" data-op3-stack-columns-desktop=\"0\" data-op3-stack-columns-desktop-reverse=\"0\" data-op3-stack-columns-tablet=\"0\" data-op3-stack-columns-tablet-reverse=\"0\" data-op3-stack-columns-mobile=\"1\" data-op3-stack-columns-mobile-reverse=\"0\" data-op3-wrap-columns-desktop=\"0\" data-op3-wrap-columns-tablet=\"0\" data-op3-wrap-columns-mobile=\"0\"><div id=\"op3-element-3TrM8E8O\" class=\"op3-element \" data-op3-uuid=\"3TrM8E8O\" data-op3-gid=\"\" data-op3-element-type=\"column\" data-op3-element-spec=\"\" data-op3-element-caption=\"Column #3TrM8E8O\" data-op-visibility-hidden=\"0\" data-op-element-hidden=\"0\" data-op3-style-id=\"\" data-op3-has-children=\"1\"><div class=\"op3-column-content op3-background-parent\" data-op-animation-trigger=\"\" data-op-animation-style=\"\" data-op-animation-loop=\"\" data-op-timer-minutes=\"\" data-op-timer-seconds=\"\"><div data-op3-element-container=\"\"><div data-op3-children=\"1\"><div id=\"op3-element-WMRYMaOp\" class=\"op3-element \" data-op3-uuid=\"WMRYMaOp\" data-op3-gid=\"\" data-op3-element-type=\"text\" data-op3-element-spec=\"\" data-op3-element-caption=\"Text Editor #WMRYMaOp\" data-op-visibility-hidden=\"0\" data-op-element-hidden=\"0\" data-op3-style-id=\"\" data-op3-has-children=\"0\"><div class=\"op3-text-wrapper\" data-op-animation-trigger=\"\" data-op-animation-style=\"\" data-op-animation-loop=\"\" data-op-timer-minutes=\"\" data-op-timer-seconds=\"\"><div data-op3-contenteditable=\"\"><p>Copyright \u00a9 YourCompany. All Rights Reserved<\/p><\/div><\/div><\/div><\/div><\/div><\/div><\/div><\/div><\/div><\/div><\/div><\/div><\/div><\/div><\/div>","align":"center","typography_typography":"custom","typography_font_family":"Poppins"},"elements":[],"isInner":false,"widgetType":"text-editor","elType":"widget"}],"isInner":false,"elType":"column"}],"isInner":false,"elType":"section"}],"page_settings":{"header_mobile_menu":""},"version":"0.4","title":"Template#2134","type":"page"}